﻿{"cameraMode":{"drawMode":0,"name":"Shaded","section":"Shading Mode"},"sceneLighting":true,"audioPlay":false,"sceneViewState":{"showFog":true,"showMaterialUpdate":false,"showSkybox":true,"showFlares":true,"showImageEffects":true,"showParticleSystems":true},"in2DMode":false,"pivot":{"x":1.6392834186553956,"y":2.672656297683716,"z":1.5277937650680543},"rotation":{"x":-0.23026341199874879,"y":-0.035024434328079227,"z":0.00829289946705103,"w":-0.97246253490448},"size":5.857884883880615,"orthographic":false}